Date,SP500,HKHSI,Nikkei225
7/5/2017,0.001452224,0.005223283,0.002457062
7/6/2017,-0.009412987,-0.00222605,-0.004370253
7/7/2017,0.006382713,-0.004895925,-0.003254791
7/10/2017,0.000927336,0.006263124,0.007592656
7/11/2017,-0.000782987,0.014698473,0.005685718
7/12/2017,0.007279051,0.006394317,-0.004819583
7/13/2017,0.001872829,0.011549294,7.11E-05
7/14/2017,0.004662616,0.00163308,0.000947263
7/18/2017,0.000597678,0.002051471,-0.005929871
7/19/2017,0.005358258,0.005534929,0.001046917
7/20/2017,-0.000153671,0.002548129,0.006161059
7/21/2017,-0.000367939,-0.001276837,-0.002228381
7/24/2017,-0.001064301,0.00525613,-0.006192348
7/25/2017,0.002918908,0.000194444,-0.001025307
7/26/2017,0.000282624,0.003307818,0.00474742
7/27/2017,-0.000973162,0.007033234,0.001469256
7/28/2017,-0.001342016,-0.005609984,-0.00598415
7/31/2017,-0.000728411,0.012691815,-0.001738004
8/1/2017,0.002446121,0.007882782,0.003037231
8/2/2017,0.000492527,0.002435298,0.004704766
8/3/2017,-0.002186042,-0.002770162,-0.002532047
8/4/2017,0.001887321,0.001149675,-0.00384826
8/7/2017,0.001645845,0.004621643,0.005176975
8/8/2017,-0.002417352,0.005924942,-0.002990165
8/9/2017,-0.000363675,-0.003517961,-0.012951012
8/10/2017,-0.014580219,-0.011343733,-0.000454576
8/14/2017,0.009993651,0.0135489,-0.009811952
8/15/2017,-0.000498933,-0.002765983,0.011005898
8/16/2017,0.001419096,0.008577996,-0.001217309
8/17/2017,-0.015557342,-0.002368794,-0.001351618
8/18/2017,-0.001837054,-0.010908019,-0.011856288
8/21/2017,0.001161976,0.003952217,-0.003976961
8/22/2017,0.009891695,0.009054562,-0.000479203
8/24/2017,-0.002076617,0.004258168,-0.004169865
8/25/2017,0.001671472,0.011904776,0.005094011
8/28/2017,0.000486953,0.000543117,-0.00013927
8/29/2017,0.000842467,-0.003533432,-0.00450112
8/30/2017,0.004604532,0.011801134,0.007408918
8/31/2017,0.005704673,-0.00443446,0.007136237
9/1/2017,0.001980578,-0.000613003,0.002299599
9/5/2017,-0.007579458,3.93E-05,-0.00629607
9/6/2017,0.003123842,-0.004609875,-0.001437126
9/7/2017,-0.000178452,-0.003295081,0.001989387
9/8/2017,-0.00148996,0.005274414,-0.006294047
9/11/2017,0.010780975,0.010307232,0.013959274
9/12/2017,0.003358303,0.000611843,0.011741518
9/13/2017,0.000756834,-0.002798115,0.004500294
9/14/2017,-0.001101324,-0.004198971,-0.002943086
9/15/2017,0.001845477,0.001093487,0.005139408
9/19/2017,0.00110958,-0.003855443,0.019393381
9/20/2017,0.000634147,0.002719535,0.000545684
9/21/2017,-0.003050566,-0.000621312,0.001821024
9/22/2017,0.000647584,-0.008208557,-0.002511139
9/25/2017,-0.002224523,-0.013730208,0.004970315
9/26/2017,7.22E-05,0.000460613,-0.003309324
9/27/2017,0.004076822,0.004692925,-0.003110493
9/28/2017,0.001203891,-0.00802089,0.004728447
9/29/2017,0.003698263,0.004827622,-0.000335471
10/3/2017,0.002156511,0.022212928,0.010400767
10/4/2017,0.001245944,0.007284207,0.000610554
10/6/2017,-0.001074211,0.002774922,0.003008303
10/10/2017,0.00231972,0.00578135,0.006397773
10/11/2017,0.001801883,-0.003560449,0.002769937
10/12/2017,-0.001688177,0.002443649,0.00351139
10/13/2017,0.000877722,0.000611232,0.009520825
10/16/2017,0.001749223,0.007569531,0.004733756
10/17/2017,0.000672353,0.000163423,0.003782837
10/18/2017,0.00074206,0.000497116,0.00126146
10/19/2017,0.000327944,-0.019436577,0.003992793
10/20/2017,0.005103796,0.011586066,0.000425165
10/23/2017,-0.003980396,-0.006386689,0.011077101
10/24/2017,0.001616601,-0.005345669,0.004989205
10/25/2017,-0.004673956,0.005240024,-0.004483783
10/26/2017,0.001270139,-0.00355754,0.001480418
10/27/2017,0.00804061,0.008349752,0.012282705
10/30/2017,-0.003197577,-0.003616387,0.000146329
10/31/2017,0.000944013,-0.003204231,-2.75E-06
11/1/2017,0.001590844,0.012263487,0.018386976
11/2/2017,0.000189948,-0.002641093,0.005295439
11/3/2017,0.003092289,0.002974981,0
11/6/2017,0.001270444,-0.000238061,0.000409447
11/7/2017,-0.000189121,0.013805782,0.017115593
11/8/2017,0.001442614,-0.00299611,-0.001037233
11/9/2017,-0.003768981,0.007889574,-0.001970594
11/10/2017,-0.000898047,-0.000537283,-0.008223558
11/13/2017,0.000983151,0.002101425,-0.013334135
11/14/2017,-0.002312281,-0.00103063,-4.38E-05
11/15/2017,-0.005540999,-0.010359057,-0.015839227
11/16/2017,0.008162653,0.005773958,0.014547481
11/17/2017,-0.002629417,0.006193291,0.002041733
11/20/2017,0.00127487,0.002096209,-0.006047729
11/21/2017,0.006519839,0.018882587,0.006926026
11/22/2017,-0.000750543,0.00619912,0.004747263
11/24/2017,0.002053984,0.005317103,0.001229055
11/27/2017,-0.000384332,-0.006049499,-0.00243566
11/28/2017,0.009800332,-0.000179893,-0.000433505
11/29/2017,-0.000369294,-0.001922936,0.004922393
11/30/2017,0.008157587,-0.015186398,0.005637951
12/1/2017,-0.002026583,-0.003540143,0.004130885
12/4/2017,-0.001052711,0.002200183,-0.004914506
12/5/2017,-0.003746391,-0.010192327,-0.00374058
12/6/2017,-0.000114112,-0.02165937,-0.019882243
12/7/2017,0.002928067,0.002773448,0.014370241
12/8/2017,0.005491202,0.011824591,0.013818668
12/11/2017,0.003196842,0.011299093,0.005580383
12/12/2017,0.001547724,-0.00593529,-0.003168247
12/13/2017,-0.000473069,0.014762365,-0.004738701
12/14/2017,-0.004079168,-0.001908553,-0.002799455
12/15/2017,0.008934313,-0.010972248,-0.006242486
12/18/2017,0.005348478,0.006988144,0.015336299
12/19/2017,-0.003235498,0.006972097,-0.001475626
12/20/2017,-0.000828236,-0.000669211,0.00103675
12/21/2017,0.001983687,0.004538168,-0.001119857
12/22/2017,-0.000458271,0.007157515,0.00160197
12/27/2017,0.000790628,0.000664137,0.00080873
12/28/2017,0.001832319,0.008948753,-0.005568673
12/29/2017,-0.005196632,0.001854694,-0.000836069
1/4/2018,0.004020543,0.005727213,0.032048141
1/5/2018,0.007009146,0.002539684,0.008818161
1/9/2018,0.001302083,0.003614256,0.005695897
1/10/2018,-0.001112846,0.002007262,-0.002594181
1/11/2018,0.007009026,0.001500783,-0.003274604
1/12/2018,0.006726926,0.009343895,-0.002390385
1/16/2018,-0.003530713,0.017895749,0.009941183
1/17/2018,0.009371006,0.002462434,-0.00349103
1/18/2018,-0.001617698,0.004321933,-0.004407605
1/19/2018,0.004375648,0.00413041,0.001878918
1/22/2018,0.008034364,0.004285333,0.000347281
1/23/2018,0.002172005,0.016450318,0.012841947
1/24/2018,-0.000560133,0.000849672,-0.007630178
1/25/2018,0.000602439,-0.009273885,-0.011396365
1/26/2018,0.011771638,0.015185909,-0.001590203
1/29/2018,-0.006754736,-0.005663282,-0.000107531
1/30/2018,-0.010958643,-0.010967889,-0.014380457
1/31/2018,0.000488866,0.008549784,-0.008350148
2/1/2018,-0.000648299,-0.007483083,0.016650608
2/2/2018,-0.02143668,-0.001235689,-0.009049557
2/5/2018,-0.041842541,-0.01099703,-0.025784411
2/6/2018,0.017290574,-0.052519515,-0.048407902
2/7/2018,-0.005014138,-0.008937252,0.001624248
2/8/2018,-0.038259052,0.004214615,0.011277634
2/9/2018,0.014825645,-0.031485931,-0.023490767
2/13/2018,0.002609522,0.01281312,-0.006471906
2/14/2018,0.01331344,0.022404014,-0.004269451
2/15/2018,0.011996862,0.019465812,0.014585746
2/20/2018,-0.005858517,-0.007801378,-0.010169791
2/21/2018,-0.005511665,0.017920553,0.002082698
2/22/2018,0.000973078,-0.014943518,-0.010724689
2/23/2018,0.015901278,0.009689178,0.00716678
2/26/2018,0.011688439,0.007374425,0.011844534
2/27/2018,-0.012788312,-0.007326765,0.010606745
2/28/2018,-0.011157806,-0.013650715,-0.014468668
3/1/2018,-0.013413966,0.006447998,-0.015700174
3/2/2018,0.005058785,-0.014954619,-0.025304509
3/5/2018,0.010971617,-0.023055774,-0.006610088
3/6/2018,0.002635383,0.020675227,0.017695763
3/7/2018,-0.000483992,-0.010338511,-0.007735553
3/8/2018,0.004453148,0.015040178,0.005412846
3/9/2018,0.017229547,0.011084862,0.004721547
3/12/2018,-0.001274797,0.019112707,0.016392311
3/13/2018,-0.00638391,0.000225304,0.006579759
3/14/2018,-0.00574097,-0.005280748,-0.008723743
3/15/2018,-0.000782236,0.003369212,0.00122347
3/16/2018,0.001701998,-0.001241339,-0.005861935
3/19/2018,-0.014306041,0.000374163,-0.009064989
3/20/2018,0.001480708,0.001147092,-0.004662879
3/22/2018,-0.025484887,-0.010993649,0.009821116
3/23/2018,-0.021189807,-0.024822307,-0.046164763
3/26/2018,0.026795041,0.007870172,0.00716417
3/27/2018,-0.017427286,0.007892513,0.026198072
3/28/2018,-0.002920919,-0.025268845,-0.013507597
3/29/2018,0.013675777,0.002357166,0.006056826
4/3/2018,0.012535961,0.002877511,-0.004512147
4/4/2018,0.011500102,-0.02215915,0.001279537
4/6/2018,-0.022164067,0.010991689,-0.003605424
4/9/2018,0.003330995,0.012805625,0.005121447
4/10/2018,0.016588599,0.016377463,0.005339495
4/11/2018,-0.005540686,0.005483721,-0.004931804
4/12/2018,0.008216899,-0.002152365,-0.00123746
4/13/2018,-0.0028908,-0.000742977,0.005454139
4/16/2018,0.008076337,-0.016124662,0.002604152
4/17/2018,0.010605072,-0.008375233,0.000552183
4/18/2018,0.00083102,0.007340912,0.014116985
4/19/2018,-0.005742582,0.013909742,0.001487303
4/20/2018,-0.008573177,-0.009492128,-0.001304948
4/23/2018,5.62E-05,-0.005403748,-0.003353707
4/24/2018,-0.013470888,0.012541988,0.008568749
4/25/2018,0.001835374,-0.010107293,-0.002822837
4/26/2018,0.010380144,-0.010622999,0.004683481
4/27/2018,0.001113005,0.009056214,0.006620614
5/2/2018,-0.007231951,-0.002748747,-0.001567335
5/7/2018,0.003451981,0.002261647,-0.000250073
5/8/2018,-0.000265677,0.013529034,0.001846738
5/9/2018,0.009635648,0.004375864,-0.004444085
5/10/2018,0.009327011,0.008903098,0.003932607
5/11/2018,0.00170614,0.010102891,0.01154789
5/14/2018,0.000883099,0.013373916,0.004707097
5/15/2018,-0.006865655,-0.012411437,-0.002094387
5/16/2018,0.00405234,-0.001343674,-0.004426866
5/17/2018,-0.000856239,-0.00541637,0.005318291
5/18/2018,-0.002635665,0.003412156,0.004019791
5/21/2018,0.007359605,0.005986938,0.003135447
5/23/2018,0.003243145,-0.018375608,-0.011855523
5/24/2018,-0.002025263,0.003085649,-0.011201033
5/25/2018,-0.002360003,-0.005619426,0.000613944
5/29/2018,-0.011631573,-0.010042368,-0.005471087
5/30/2018,0.012615876,-0.014132424,-0.015319521
5/31/2018,-0.006903333,0.013606789,0.008290385
6/1/2018,0.010790799,0.000798852,-0.001373384
6/4/2018,0.004469595,0.016427854,0.013644482
6/5/2018,0.000702346,0.003075105,0.002825679
6/6/2018,0.008530901,0.00531336,0.003816716
6/7/2018,-0.000714444,0.008077924,0.008692406
6/8/2018,0.003121029,-0.017750184,-0.005657577
6/11/2018,0.001068137,0.003401649,0.004815068
6/12/2018,0.001741867,0.001266314,0.003253359
6/13/2018,-0.004034255,-0.012224674,0.003840413
6/14/2018,0.0024685,-0.009318435,-0.009967112
6/15/2018,-0.00101762,-0.004302243,0.004963368
6/19/2018,-0.004031518,-0.02815084,-0.017876821
6/20/2018,0.00171069,0.007708046,0.01235461
6/21/2018,-0.006365729,-0.013565357,0.006082407
6/22/2018,0.001860203,0.001454716,-0.007795195
6/25/2018,-0.013819723,-0.012943852,-0.007967036
6/26/2018,0.002202151,-0.002765782,0.000172319
6/27/2018,-0.008641586,-0.018349994,-0.003148379
6/28/2018,0.00615968,0.00496225,-6.19E-05
6/29/2018,0.000758116,0.015936619,0.001530868
7/3/2018,-0.004959629,-0.014244909,-0.00121065
7/5/2018,0.008583856,-0.00211188,-0.00786102
7/6/2018,0.008445518,0.004726901,0.011129671
7/9/2018,0.008784291,0.01308278,0.012045635
7/10/2018,0.003467249,-0.000217881,0.006540768
7/11/2018,-0.007119486,-0.01300369,-0.011995842
7/12/2018,0.008710991,0.005956458,0.011593466
7/13/2018,0.001078656,0.001565069,0.018282784
7/16/2018,-0.001028665,0.000498403,0
7/17/2018,0.003965824,-0.012622594,0.004415965
7/18/2018,0.002158182,-0.0022828,0.004257064
7/19/2018,-0.003960827,-0.003797041,-0.001295457
7/20/2018,-0.000948898,0.007597433,-0.002938632
7/23/2018,0.001836362,0.001120338,-0.013344981
7/24/2018,0.004769519,0.01428206,0.005054414
7/25/2018,0.009060435,0.008972429,0.004599239
7/26/2018,-0.003036903,-0.004844197,-0.001211513
7/27/2018,-0.006583835,0.00080363,0.005557715
7/30/2018,-0.005770789,-0.00247312,-0.007420233
7/31/2018,0.004872837,-0.005238365,0.000393842
8/1/2018,-0.001040893,-0.008512123,0.008519995
8/2/2018,0.00491435,-0.022342427,-0.010348034
8/3/2018,0.004633432,-0.001380741,0.000561769
8/6/2018,0.003531982,0.005162205,-0.000793177
8/7/2018,0.002820202,0.015314451,0.006881573
8/8/2018,-0.000262414,0.003895558,-0.000813546
8/9/2018,-0.001442715,0.008712558,-0.002029938
8/10/2018,-0.007139312,-0.008448886,-0.013378113
8/13/2018,-0.004014037,-0.015276477,-0.019959684
8/14/2018,0.00636893,-0.006595185,0.022557428
8/15/2018,-0.007631209,-0.015590983,-0.006815931
8/16/2018,0.007888214,-0.008214464,-0.000548769
8/17/2018,0.003317607,0.00417391,0.003523959
8/20/2018,0.002425075,0.014034142,-0.00321034
8/21/2018,0.0020664,0.005592328,0.000933411
8/22/2018,-0.000398231,0.006278392,0.006407066
8/23/2018,-0.001692694,-0.004921904,0.002156172
8/24/2018,0.006179706,-0.004276487,0.008484309
8/27/2018,0.007641141,0.021429735,0.008716573
8/28/2018,0.000269242,0.002838063,0.000606408
8/29/2018,0.005685242,0.002283691,0.001522064
8/30/2018,-0.004440172,-0.008921462,0.000930899
8/31/2018,0.000134469,-0.009830131,-0.000190211
9/4/2018,-0.001655692,0.009366924,-0.000461651
9/5/2018,-0.002807063,-0.026424115,-0.005127049
9/6/2018,-0.003658991,-0.009923943,-0.004122179
9/7/2018,-0.002215798,-5.00E-05,-0.008075896
9/10/2018,0.001896028,-0.01343822,0.002955646
9/11/2018,0.003732866,-0.007197755,0.012949292
9/12/2018,0.000356608,-0.002937855,-0.002654343
9/13/2018,0.005268352,0.025093411,0.00954136
9/14/2018,0.000275444,0.010015384,0.011906651
9/18/2018,0.005354653,0.005620805,0.014011524
9/19/2018,0.001252488,0.011844402,0.010701487
9/20/2018,0.007810014,0.002561748,0.000101807
9/21/2018,-0.000368601,0.017171608,0.008202826
9/26/2018,-0.0032947,0.011478795,0.003899167
9/27/2018,0.002759476,-0.003644686,-0.009912112
9/28/2018,-6.87E-06,0.002625014,0.013494385
10/2/2018,-0.000396769,-0.024116251,0.001024783
10/3/2018,0.000711267,-0.00129556,-0.006599982
10/4/2018,-0.008203036,-0.017403008,-0.005629103
10/5/2018,-0.005543315,-0.001928657,-0.008036102
10/9/2018,-0.00141891,-0.001132597,-0.013304297
10/10/2018,-0.033416389,0.000769972,0.001560324
10/11/2018,-0.02078758,-0.036020655,-0.039711998
10/12/2018,0.014106236,0.020958023,0.004584289
10/15/2018,-0.005922482,-0.013910612,-0.018830772
10/16/2018,0.021267828,0.000675707,0.012402484
10/18/2018,-0.014496491,-0.000302807,-0.008042324
10/19/2018,-0.000361235,0.004188877,-0.005579984
10/22/2018,-0.004308797,0.022886241,0.003665382
10/23/2018,-0.005527076,-0.031327,-0.027073156
10/24/2018,-0.031350774,-0.003825242,0.003646118
10/25/2018,0.018453718,-0.010163177,-0.037940479
10/26/2018,-0.017479138,-0.011137449,-0.003963457
10/29/2018,-0.006581208,0.003812193,-0.001643998
10/30/2018,0.015545323,-0.009170952,0.014433918
10/31/2018,0.010792879,0.015905043,0.021356086
11/1/2018,0.010502499,0.017315824,-0.010677498
11/2/2018,-0.006336721,0.041250594,0.025314039
11/5/2018,0.005584694,-0.02105958,-0.015616503
11/6/2018,0.006239788,0.007168182,0.011295383
11/7/2018,0.020987079,0.001022736,-0.002801008
11/8/2018,-0.002512069,0.003056064,0.0179989
11/9/2018,-0.009241586,-0.024149548,-0.010580559
11/12/2018,-0.019898151,0.001220248,0.000881887
11/13/2018,-0.001483019,0.00621047,-0.020842731
11/14/2018,-0.007596189,-0.00538181,0.001647431
11/15/2018,0.010538033,0.017347015,-0.00196386
11/16/2018,0.002220838,0.003067291,-0.00567012
11/19/2018,-0.016783162,0.007172281,0.006474296
11/20/2018,-0.018317995,-0.020366011,-0.01096866
11/21/2018,0.003038669,0.005061824,-0.00350796
11/26/2018,0.015412976,0.017150206,0.007614153
11/27/2018,0.003256384,-0.001677872,0.006416214
11/28/2018,0.022714051,0.013226743,0.010180106
11/29/2018,-0.002185494,-0.008715117,0.003851526
11/30/2018,0.008137548,0.002104345,0.003965649
12/3/2018,0.010882002,0.025157009,0.009958686
12/4/2018,-0.032900229,0.00288012,-0.024152674
12/6/2018,-0.001523388,-0.025042764,-0.019240658
12/7/2018,-0.023596335,-0.003547336,0.008201034
12/10/2018,0.001760603,-0.012018751,-0.021408704
12/11/2018,-0.00035641,0.00074874,-0.003374308
12/12/2018,0.005404871,0.015976242,0.021274359
12/13/2018,-0.00019995,0.012811098,0.009831708
12/14/2018,-0.019271212,-0.016327523,-0.020438264
12/17/2018,-0.020992285,-0.000260952,0.006158859
12/18/2018,8.64E-05,-0.010548025,-0.018367961
12/19/2018,-0.015515459,0.001979141,-0.006057933
12/20/2018,-0.015897809,-0.009394763,-0.028775917
12/21/2018,-0.020803121,0.005056388,-0.0111637
12/27/2018,0.008526229,-0.006747497,0.038099504
12/28/2018,-0.001242354,0.000993206,-0.003135242
1/4/2019,0.033759399,0.022161712,-0.022883566
1/7/2019,0.006985976,0.008148622,0.024092001
1/8/2019,0.009648587,0.001537386,0.008203625
1/9/2019,0.004089671,0.022427234,0.010977981
1/10/2019,0.004508242,0.002231227,-0.012971563
1/11/2019,-0.000146309,0.005483879,0.009668462
1/15/2019,0.010664619,0.020025996,0.009560865
1/16/2019,0.002219521,0.002672898,-0.005489987
1/17/2019,0.007562731,-0.005459385,-0.00198215
1/18/2019,0.013096913,0.012449626,0.012847094
1/22/2019,-0.014258477,-0.007051056,-0.004664483
1/23/2019,0.00220049,0.000101826,-0.001416392
1/24/2019,0.00137478,0.004167121,-0.000927404
1/25/2019,0.008452868,0.01639121,0.009622245
1/28/2019,-0.007877776,0.000281851,-0.006014159
1/29/2019,-0.001457308,-0.001643345,0.000757165
1/30/2019,0.01542961,0.004029761,-0.005244964
1/31/2019,0.008560649,0.010780688,0.010498573
2/1/2019,0.000898206,-0.000419896,0.000717022
2/4/2019,0.006753381,0.002126957,0.004577592
2/8/2019,0.000675973,-0.001569301,-0.020354359
2/12/2019,0.012807853,0.0009763,0.025781757
2/13/2019,0.003019432,0.01151472,0.013343605
2/14/2019,-0.002655163,-0.002302459,-0.000225594
2/15/2019,0.010820005,-0.018860267,-0.011373963
2/19/2019,0.001497621,-0.00420252,0.000976918
2/20/2019,0.001775533,0.010077947,0.00602985
2/21/2019,-0.003532669,0.004055346,0.001526504
2/22/2019,0.006390639,0.006488904,-0.001805593
2/25/2019,0.001231104,0.004950197,0.004782862
2/26/2019,-0.00079077,-0.006486627,-0.003668883
2/27/2019,-0.000544197,-0.000508299,0.004981612
2/28/2019,-0.002829508,-0.004330323,-0.007980617
3/1/2019,0.006871657,0.00623169,0.010120588
3/4/2019,-0.003888107,0.00510354,0.010102607
3/5/2019,-0.001132174,6.94E-05,-0.00439787
3/6/2019,-0.006545474,0.002620727,-0.005976911
3/7/2019,-0.008158911,-0.008929965,-0.006540862
3/8/2019,-0.002133964,-0.019332295,-0.020265915
3/11/2019,0.014559536,0.009690628,0.00472256
3/12/2019,0.002948966,0.014543553,0.017763097
3/13/2019,0.006925547,-0.003929443,-0.00997576
3/14/2019,-0.0008684,0.001524187,-0.000151287
3/15/2019,0.004972519,0.005560298,0.007666778
3/18/2019,0.003699097,0.013582591,0.006211211
3/19/2019,-0.00013057,0.001945453,-0.000818069
3/20/2019,-0.002948697,-0.004943551,0.001948793
3/22/2019,-0.019156827,0.001436758,0.000852059
3/25/2019,-0.000839373,-0.020474118,-0.030526434
3/26/2019,0.007157053,0.001526024,0.021284894
3/27/2019,-0.004655143,0.005631899,-0.002320183
3/28/2019,0.003583055,0.001633326,-0.01626777
3/29/2019,0.006711706,0.009550991,0.008146472
4/1/2019,0.011502195,0.017425137,0.014197588
4/2/2019,1.75E-05,0.002117044,-0.000172907
4/3/2019,0.002146072,0.012136175,0.009620967
4/4/2019,0.002082466,-0.001671163,0.000540459
4/8/2019,0.001046912,0.004693291,-0.002104683
4/9/2019,-0.006085977,0.002667564,0.001879499
4/10/2019,0.003471838,-0.001258512,-0.005289463
4/11/2019,3.81E-05,-0.009343495,0.001097287
4/12/2019,0.006587578,0.002353523,0.007304879
4/15/2019,-0.000629567,-0.003316757,0.013558385
4/16/2019,0.000509229,0.010648926,0.002367646
4/17/2019,-0.002276401,-0.000172251,0.002530833
4/18/2019,0.001577847,-0.005372802,-0.008467919
4/23/2019,0.008802351,-6.52E-07,0.001881388
4/24/2019,-0.002194169,-0.00526729,-0.002687387
4/25/2019,-0.000369042,-0.008627013,0.004834246
4/26/2019,0.00467435,0.001866594,-0.002192222
5/7/2019,-0.016649488,0.005231079,-0.015165125
5/8/2019,-0.001606715,-0.012329902,-0.01475598
5/9/2019,-0.003025999,-0.024153237,-0.009322718
5/10/2019,0.003713394,0.008412445,-0.002676721
5/14/2019,0.007983988,-0.015112468,-0.005870968
5/15/2019,0.005821994,0.00520269,0.005742664
5/16/2019,0.008855957,0.000224936,-0.00594442
5/17/2019,-0.005854437,-0.011689938,0.008844104
5/20/2019,-0.006772258,-0.005700355,0.002427189
5/21/2019,0.008459949,-0.004702669,-0.001375541
5/22/2019,-0.002828392,0.001759264,0.000513205
5/23/2019,-0.011985692,-0.015964832,-0.006232142
5/24/2019,0.001352644,0.003178221,-0.00160498
5/28/2019,-0.00841095,0.003757238,0.003654838
5/29/2019,-0.00693591,-0.005678561,-0.012151127
5/30/2019,0.002096272,-0.004446328,-0.002900874
5/31/2019,-0.013283205,-0.007915886,-0.016433171
6/3/2019,-0.002769071,-0.000268816,-0.00928068
6/4/2019,0.021205927,-0.004932967,-0.000114739
6/5/2019,0.008128727,0.004991718,0.017849874
6/6/2019,0.006116841,0.002593351,-9.92E-05
6/10/2019,0.00464922,0.022491496,0.01188563
6/11/2019,-0.000349941,0.007610906,0.003300028
6/12/2019,-0.002039658,-0.01745591,-0.003522401
6/13/2019,0.004089011,-0.000503634,-0.004635526
6/14/2019,-0.001612812,-0.006482339,0.004028136
6/17/2019,0.000931316,0.004004404,0.000336611
6/18/2019,0.00967049,0.009926249,-0.007187721
6/19/2019,0.002980717,0.025256624,0.017073797
6/20/2019,0.009427605,0.012274103,0.00602806
6/21/2019,-0.001260016,-0.002690748,-0.00956054
6/24/2019,-0.001733388,0.001378885,0.00128569
6/25/2019,-0.009541776,-0.011535416,-0.004339937
6/26/2019,-0.001234696,0.001276416,-0.005071898
6/27/2019,0.003815886,0.014054262,0.011860198
6/28/2019,0.005740942,-0.002757007,-0.002921571
7/2/2019,0.002923847,0.011597203,0.001117593
7/3/2019,0.007643095,-0.00070742,-0.005351609
7/5/2019,-0.001807534,-0.000727436,0.002022225
7/8/2019,-0.004847173,-0.015520103,-0.00979803
7/9/2019,0.001235793,-0.007632204,0.001429287
7/10/2019,0.004500547,0.003139514,-0.001469649
7/11/2019,0.00228262,0.008020008,0.005097577
7/12/2019,0.004609534,0.001399507,0.001955766
7/16/2019,-0.003409585,0.002264587,-0.00697117
7/17/2019,-0.006552665,-0.000924591,-0.003072724
7/18/2019,0.003575598,-0.004609951,-0.019896471
7/19/2019,-0.006195889,0.010615366,0.019794484
7/22/2019,0.002824702,-0.013796637,-0.002341267
7/23/2019,0.006824145,0.003350619,0.009484404
7/24/2019,0.004677193,0.002019936,0.004093637
7/25/2019,-0.005276297,0.002460217,0.002161706
7/26/2019,0.007360536,-0.006897852,-0.004533052
7/29/2019,-0.001617422,-0.010311903,-0.001911019
7/30/2019,-0.002581985,0.001425343,0.0042704
7/31/2019,-0.010945207,-0.013187672,-0.008687429
8/1/2019,-0.009039527,-0.007663123,0.000903846
8/2/2019,-0.007309389,-0.023755461,-0.021293311
8/5/2019,-0.030230182,-0.028917078,-0.017550964
8/6/2019,0.012933024,-0.006717396,-0.006535627
8/7/2019,0.000766582,0.000799991,-0.00334535
8/8/2019,0.018588463,0.004748492,0.003735798
8/9/2019,-0.006638593,-0.006971542,0.004431924
8/13/2019,0.015018346,-0.021267177,-0.011151278
8/14/2019,-0.029730352,0.00082946,0.009714921
8/15/2019,0.002461237,0.007605951,-0.012151914
8/16/2019,0.014323058,0.009321217,0.000644719
8/19/2019,0.012033175,0.021436968,0.007044571
8/20/2019,-0.007946215,-0.002296151,0.005531512
8/21/2019,0.00821298,0.001466623,-0.002840504
8/22/2019,-0.000506203,-0.008460433,0.000457708
8/23/2019,-0.026288881,0.005001513,0.004010772
8/26/2019,0.010923113,-0.019244839,-0.021960838
8/27/2019,-0.003208322,-0.000633361,0.009580369
8/28/2019,0.006524151,-0.001895097,0.001140323
8/29/2019,0.012607483,0.003430295,-0.000903277
8/30/2019,0.000642581,0.000825635,0.011827549
9/3/2019,-0.006923009,-0.003858956,0.000241031
9/4/2019,0.010783725,0.038250973,0.001162005
9/5/2019,0.012925913,-0.000290398,0.020932739
9/6/2019,0.000910191,0.006586857,0.005374471
9/9/2019,-9.40E-05,-0.000350721,0.005590571
9/10/2019,0.000322252,8.54E-05,0.003450193
9/11/2019,0.007203672,0.017658582,0.009567918
9/12/2019,0.002875016,-0.002633515,0.007465876
9/13/2019,-0.000724677,0.009737661,0.010454526
9/17/2019,0.002578425,-0.0124016,0.000592469
9/18/2019,0.000342633,-0.001349203,-0.001847475
9/19/2019,2.00E-05,-0.01071613,0.003805844
9/20/2019,-0.004907599,-0.001258087,0.001570166
9/24/2019,-0.008451989,0.002232222,0.000894112
9/25/2019,0.006139685,-0.012853857,-0.00356715
9/26/2019,-0.002431871,0.003715532,0.00127483
9/27/2019,-0.005330535,-0.003350949,-0.007710071
9/30/2019,0.00503491,0.005282114,-0.0056405
10/2/2019,-0.018065404,-0.00190199,-0.004884181
10/3/2019,0.007940305,0.002593183,-0.020263476
10/4/2019,0.014116785,-0.011141027,0.003202617
10/8/2019,-0.015683159,0.002798876,0.009893671
10/9/2019,0.009063296,-0.008166207,-0.006105304
10/10/2019,0.006395203,0.000977575,0.004445636
10/11/2019,0.01087958,0.023090287,0.011390381
10/15/2019,0.009906446,-0.000675895,0.018558959
10/16/2019,-0.002001545,0.006031804,0.011893972
10/17/2019,0.002759022,0.006884774,-0.000937592
10/18/2019,-0.003927046,-0.004812957,0.001816475
10/21/2019,0.006848114,0.000228256,0.002496393
10/23/2019,0.002843104,-0.008227102,0.003386021
10/24/2019,0.001918604,0.008665664,0.005519178
10/25/2019,0.00406443,-0.004883869,0.002160725
10/28/2019,0.00556582,0.008359824,0.002954383
10/29/2019,-0.000832752,-0.003893591,0.004662228
10/30/2019,0.003248089,-0.004454221,-0.005718897
10/31/2019,-0.003027439,0.00892259,0.003667019
11/1/2019,0.00961593,0.007185667,-0.003332165
11/5/2019,-0.001186403,0.004928414,0.017405936
11/6/2019,0.000702251,0.000189274,0.002226579
11/7/2019,0.002726375,0.005711274,0.001136507
11/8/2019,0.002557403,-0.007066537,0.002634674
11/11/2019,-0.001964395,-0.026554162,-0.002569545
11/12/2019,0.001563423,0.005138882,0.008032594
11/13/2019,0.000711282,-0.018413957,-0.008545788
11/14/2019,0.000836693,-0.009368469,-0.007676013
11/15/2019,0.007666029,0.000112846,0.006966116
11/18/2019,0.000503026,0.013372949,0.004856142
11/19/2019,-0.00059277,0.015349879,-0.005314118
11/20/2019,-0.003763257,-0.007565005,-0.006204856
11/21/2019,-0.001584006,-0.015845771,-0.004762816
11/22/2019,0.002172574,0.004832067,0.00321987
11/25/2019,0.007479252,0.014852781,0.007754678
11/26/2019,0.002193164,-0.002935398,0.003450462
11/27/2019,0.004165736,0.001488087,0.002753589
11/29/2019,-0.004019286,-0.020558123,-0.004934611
12/2/2019,-0.008668484,0.003721475,0.010062993
12/3/2019,-0.006660225,-0.002022103,-0.0063821
12/4/2019,0.006303658,-0.012534617,-0.010516269
12/5/2019,0.001499127,0.005909723,0.007100632
12/6/2019,0.009094246,0.010673644,0.002328203
12/9/2019,-0.003167834,-0.000137326,0.003261675
12/10/2019,-0.001097536,-0.002195725,-0.000875721
12/11/2019,0.002903937,0.007867504,-0.000783302
12/12/2019,0.008538667,0.013002187,0.001407669
12/13/2019,7.26E-05,0.025370601,0.025220111
12/16/2019,0.007122361,-0.006510292,-0.002949427
12/17/2019,0.000335236,0.012126984,0.004738583
12/18/2019,-0.000432394,0.001453491,-0.005487012
12/19/2019,0.004449379,-0.003006958,-0.002911346
12/20/2019,0.004932596,0.002545611,-0.002022536
12/23/2019,0.000865769,0.001257152,0.000188024
12/24/2019,-0.000195467,-0.001513314,0.000397497
12/27/2019,3.40E-05,0.012879884,-0.003651361
12/30/2019,-0.005797596,0.003323764,-0.007626275
1/6/2020,0.003527145,-0.007950632,-0.019281242
1/7/2020,-0.002807175,0.003390775,0.015855686
1/8/2020,0.004890473,-0.008301438,-0.015859979
1/9/2020,0.006633214,0.016702563,0.022798457
1/10/2020,-0.002859262,0.002699313,0.004652253
1/14/2020,-0.001515681,-0.002413512,0.007293898
1/15/2020,0.00186845,-0.003869351,-0.004530082
1/16/2020,0.008331748,0.003796592,0.000691782
1/17/2020,0.003854723,0.005984915,0.004507784
1/21/2020,-0.0026555,-0.028552921,-0.009132828
1/22/2020,0.000289034,0.012630451,0.006964676
1/23/2020,0.001140326,-0.015357411,-0.009865269
1/24/2020,-0.009083289,0.001450855,0.00133299
1/29/2020,-0.00086725,-0.028635812,0.007026064
1/30/2020,0.003129457,-0.026545232,-0.017328953
1/31/2020,-0.017864443,-0.005174213,0.00984916
2/3/2020,0.007228426,0.001684069,-0.010102069
2/4/2020,0.014869316,0.012030399,0.004891841
2/5/2020,0.011187779,0.004143445,0.010127228
2/6/2020,0.003320155,0.026049861,0.023480304
2/7/2020,-0.005415491,-0.003258036,-0.00191228
2/10/2020,0.00729969,-0.005963157,-0.005977208
2/12/2020,0.006441853,0.008655168,0.007370835
2/13/2020,-0.001631776,-0.003371884,-0.001404119
2/14/2020,0.001841836,0.003082141,-0.005898772
2/18/2020,-0.002924214,-0.015477042,-0.014103843
2/19/2020,0.004694748,0.004552297,0.008880868
2/20/2020,-0.003822817,-0.001688245,0.003346907
2/21/2020,-0.010573809,-0.010938227,-0.003943605
2/25/2020,-0.030747904,0.002693879,-0.03397994
2/26/2020,-0.003785697,-0.007342495,-0.007959817
2/27/2020,-0.045168136,0.003071671,-0.021542928
2/28/2020,-0.008272463,-0.024522387,-0.037379486
3/2/2020,0.045010869,0.006171139,0.009467388
3/3/2020,-0.028510485,-0.000260929,-0.012320177
3/4/2020,0.041336349,-0.002390164,0.000821666
3/5/2020,-0.034510783,0.020600821,0.010797325
3/6/2020,-0.017200944,-0.023480418,-0.027539037
3/9/2020,-0.079010413,-0.043228883,-0.051978521
3/10/2020,0.048215052,0.013961285,0.008510383
3/11/2020,-0.050102893,-0.006356691,-0.022965474
3/12/2020,-0.099944852,-0.037248004,-0.045111749
3/13/2020,0.088808407,-0.011425397,-0.062735695
3/16/2020,-0.127652198,-0.041169818,-0.024919862
3/17/2020,0.058226312,0.008641186,0.000558026
3/18/2020,-0.053222272,-0.042675706,-0.016893984
3/19/2020,0.004696761,-0.02648686,-0.010440235
3/23/2020,-0.029731501,-0.04984895,0.020033153
3/24/2020,0.089683233,0.043621327,0.068898934
3/25/2020,0.011468991,0.03740148,0.077313762
3/26/2020,0.060543831,-0.007459564,-0.046174276
3/27/2020,-0.034267845,0.005634045,0.038099395
3/30/2020,0.03296659,-0.0132524,-0.015826905
3/31/2020,-0.016142311,0.018315348,-0.008839646
4/1/2020,-0.045146363,-0.022176943,-0.046062436
4/2/2020,0.022572657,0.008379988,-0.013749439
4/3/2020,-0.015252861,-0.001889716,8.24E-05
4/6/2020,0.067968244,0.021837934,0.041554563
4/7/2020,-0.001604339,0.021006799,0.019926797
4/8/2020,0.033489371,-0.011733791,0.021046446
4/9/2020,0.01438347,0.013671485,-0.000386093
4/14/2020,0.03011456,0.005542983,0.030787133
4/15/2020,-0.022276733,-0.011941522,-0.004527856
4/16/2020,0.005799838,-0.005768883,-0.013382728
4/17/2020,0.026440932,0.015440612,0.030984868
4/20/2020,-0.018042846,-0.002052165,-0.011532173
4/21/2020,-0.031155115,-0.022296391,-0.019941141
4/22/2020,0.022671301,0.004186002,-0.007435474
4/23/2020,-0.000539568,0.003507827,0.015116179
4/24/2020,0.01382209,-0.006107292,-0.00865517
4/27/2020,0.014606868,0.018657653,0.026699896
4/28/2020,-0.00525617,0.01211001,-0.000608339
5/7/2020,0.011438956,-0.006519382,0.002820776
5/8/2020,0.016730795,0.010352091,0.025309832
5/11/2020,0.000133069,0.015231654,0.010430048
5/12/2020,-0.020713366,-0.014591757,-0.001186525
5/13/2020,-0.017616997,-0.00270016,-0.004893982
5/14/2020,0.011458918,-0.014603894,-0.017534319
5/15/2020,0.003918675,-0.001355088,0.006141922
5/18/2020,0.031015209,0.005752892,0.004792486
5/19/2020,-0.010539748,0.01876438,0.014776684
5/20/2020,0.016513991,0.000484477,0.007882405
5/21/2020,-0.007803968,-0.004926878,-0.00208226
5/22/2020,0.002350946,-0.057201943,-0.008019022
5/26/2020,0.012214285,0.018664713,0.025208856
5/27/2020,0.014718447,-0.003568557,0.006936507
5/28/2020,-0.00211014,-0.007261917,0.022941995
5/29/2020,0.004800794,-0.00743216,-0.001754567
6/1/2020,0.003744216,0.033028615,0.008397811
6/2/2020,0.008177307,0.011038387,0.011860045
6/3/2020,0.013556671,0.013645454,0.012824138
6/4/2020,-0.003374389,0.001670982,0.003618692
6/5/2020,0.025874013,0.01644874,0.007374581
6/8/2020,0.011969656,0.0002567,0.013656018
6/9/2020,-0.007829743,0.011255536,-0.00376365
6/10/2020,-0.005327256,-0.00029897,0.001467887
6/11/2020,-0.060752693,-0.023000467,-0.028601497
6/12/2020,0.012976287,-0.007329427,-0.007478182
6/15/2020,0.008277861,-0.021816583,-0.035341011
6/16/2020,0.018784853,0.023572512,0.047671071
6/17/2020,-0.003606796,0.005624957,-0.005615329
6/18/2020,0.000594044,-0.000673011,-0.004476513
6/19/2020,-0.005665514,0.007287975,0.005501528
6/22/2020,0.006474093,-0.005393164,-0.001848762
6/23/2020,0.004298169,0.016026672,0.004969576
6/24/2020,-0.026195266,-0.005061894,-0.000653477
6/26/2020,-0.024525204,-0.009389182,0.011270188
6/29/2020,0.014578888,-0.010182462,-0.023235127
